user_id,item_id,category_id,behavior,timestamp,datetime,date,hour
10618,3024021,2735466,cart,1511794224,2017-11-27 14:50:24,2017-11-27,14
127487,1365841,3002561,pv,1511811453,2017-11-27 19:37:33,2017-11-27,19
103803,3633757,4145813,pv,1512124131,2017-12-01 10:28:51,2017-12-01,10
1016326,1691675,2366905,pv,1512051592,2017-11-30 14:19:52,2017-11-30,14
108397,719606,2940518,pv,1511742903,2017-11-27 00:35:03,2017-11-27,0
119514,2866444,2735466,pv,1512201779,2017-12-02 08:02:59,2017-12-02,8
105367,3648173,1879194,pv,1511925129,2017-11-29 03:12:09,2017-11-29,3
1006915,3200894,4690421,cart,1512180515,2017-12-02 02:08:35,2017-12-02,2
1010608,4723293,3937192,pv,1512045806,2017-11-30 12:43:26,2017-11-30,12
113111,1673114,2355072,pv,1511617041,2017-11-25 13:37:21,2017-11-25,13
105550,1866407,154040,pv,1511782575,2017-11-27 11:36:15,2017-11-27,11
1016721,1670333,1320293,pv,1512306979,2017-12-03 13:16:19,2017-12-03,13
105422,2596222,2667323,pv,1511842271,2017-11-28 04:11:11,2017-11-28,4
1014577,4349912,4145813,pv,1511614562,2017-11-25 12:56:02,2017-11-25,12
126950,1138241,4339722,pv,1512168897,2017-12-01 22:54:57,2017-12-01,22
1004862,1836259,672001,pv,1512307809,2017-12-03 13:30:09,2017-12-03,13
1014197,477067,3108044,pv,1512153039,2017-12-01 18:30:39,2017-12-01,18
1005877,1995695,672001,pv,1511869720,2017-11-28 11:48:40,2017-11-28,11
1017773,3257146,1051370,pv,1512170385,2017-12-01 23:19:45,2017-12-01,23
122091,3429882,1320293,pv,1512304072,2017-12-03 12:27:52,2017-12-03,12
102142,1403028,3619575,pv,1511879088,2017-11-28 14:24:48,2017-11-28,14
125164,1697837,3776866,pv,1511755464,2017-11-27 04:04:24,2017-11-27,4
1011050,117060,2693696,pv,1512171721,2017-12-01 23:42:01,2017-12-01,23
103538,2391174,3607361,pv,1512004836,2017-11-30 01:20:36,2017-11-30,1
110973,5100047,4276787,pv,1511970553,2017-11-29 15:49:13,2017-11-29,15
1008842,4777458,4358294,pv,1512313205,2017-12-03 15:00:05,2017-12-03,15
1007058,3752610,3335147,pv,1512140991,2017-12-01 15:09:51,2017-12-01,15
103902,3562114,982926,pv,1511601845,2017-11-25 09:24:05,2017-11-25,9
1013785,2857401,3002561,pv,1511774585,2017-11-27 09:23:05,2017-11-27,9
1001313,3808395,235534,pv,1512228486,2017-12-02 15:28:06,2017-12-02,15
10780,1478924,4145813,pv,1511688497,2017-11-26 09:28:17,2017-11-26,9
115197,201668,1029459,pv,1511863538,2017-11-28 10:05:38,2017-11-28,10
12002,288667,846990,pv,1512269241,2017-12-03 02:47:21,2017-12-03,2
116028,1156945,2581843,buy,1511913706,2017-11-29 00:01:46,2017-11-29,0
1006505,571442,1080785,pv,1511997785,2017-11-29 23:23:05,2017-11-29,23
121685,3444263,982926,pv,1511935589,2017-11-29 06:06:29,2017-11-29,6
104911,3157218,2735466,pv,1511879850,2017-11-28 14:37:30,2017-11-28,14
112668,3631860,3388914,cart,1512199668,2017-12-02 07:27:48,2017-12-02,7
103128,1121588,1112828,pv,1511681312,2017-11-26 07:28:32,2017-11-26,7
106005,3762493,2355072,pv,1512308757,2017-12-03 13:45:57,2017-12-03,13
116316,1025967,4170419,pv,1511628124,2017-11-25 16:42:04,2017-11-25,16
1004580,4603625,4825728,pv,1511604678,2017-11-25 10:11:18,2017-11-25,10
124011,4421906,50601,pv,1512294149,2017-12-03 09:42:29,2017-12-03,9
1013712,862976,4145813,pv,1512180002,2017-12-02 02:00:02,2017-12-02,2
1004834,4272252,2558204,pv,1511964603,2017-11-29 14:10:03,2017-11-29,14
1017611,2054010,4181361,pv,1511958107,2017-11-29 12:21:47,2017-11-29,12
106843,1760278,2465336,pv,1512018574,2017-11-30 05:09:34,2017-11-30,5
114892,2918351,1431810,pv,1512217255,2017-12-02 12:20:55,2017-12-02,12
114132,1934917,1582197,pv,1511709441,2017-11-26 15:17:21,2017-11-26,15
1016792,2427416,2465336,pv,1511597132,2017-11-25 08:05:32,2017-11-25,8
125693,4277658,200278,pv,1512015546,2017-11-30 04:19:06,2017-11-30,4
105748,4382143,1216617,pv,1512142356,2017-12-01 15:32:36,2017-12-01,15
1013585,2650679,1349561,pv,1511701048,2017-11-26 12:57:28,2017-11-26,12
1014279,2378430,3004853,pv,1512044546,2017-11-30 12:22:26,2017-11-30,12
11263,3457577,2520377,pv,1511948625,2017-11-29 09:43:45,2017-11-29,9
103884,4460980,2436637,pv,1512212473,2017-12-02 11:01:13,2017-12-02,11
105778,2671531,2096639,pv,1511920469,2017-11-29 01:54:29,2017-11-29,1
103141,2036206,4181361,pv,1511850134,2017-11-28 06:22:14,2017-11-28,6
1012333,940000,3524510,pv,1511695985,2017-11-26 11:33:05,2017-11-26,11
101063,1614965,4357323,pv,1511897520,2017-11-28 19:32:00,2017-11-28,19
113462,3767258,1567637,pv,1512313909,2017-12-03 15:11:49,2017-12-03,15
121591,2306935,2465336,pv,1512116395,2017-12-01 08:19:55,2017-12-01,8
107571,3897604,2181935,pv,1511688287,2017-11-26 09:24:47,2017-11-26,9
1007120,4528194,2476560,pv,1511702017,2017-11-26 13:13:37,2017-11-26,13
1014467,4638287,570735,cart,1511873059,2017-11-28 12:44:19,2017-11-28,12
11663,973465,4690421,pv,1511624270,2017-11-25 15:37:50,2017-11-25,15
1007231,3451754,2158079,pv,1512311477,2017-12-03 14:31:17,2017-12-03,14
122780,2484824,8254,pv,1511836347,2017-11-28 02:32:27,2017-11-28,2
125451,2372333,411153,pv,1511586580,2017-11-25 05:09:40,2017-11-25,5
117980,432091,1320293,pv,1511654660,2017-11-26 00:04:20,2017-11-26,0
1003707,953495,2581941,cart,1512046462,2017-11-30 12:54:22,2017-11-30,12
1013724,228237,1320293,pv,1512040738,2017-11-30 11:18:58,2017-11-30,11
1001524,2585621,3400167,pv,1512220662,2017-12-02 13:17:42,2017-12-02,13
115605,3805515,4357323,pv,1511991313,2017-11-29 21:35:13,2017-11-29,21
101832,4892813,1807584,cart,1511594326,2017-11-25 07:18:46,2017-11-25,7
1007356,2598297,445307,pv,1512174922,2017-12-02 00:35:22,2017-12-02,0
1007037,3676036,1320293,pv,1511796139,2017-11-27 15:22:19,2017-11-27,15
122369,8896,2355072,pv,1512288110,2017-12-03 08:01:50,2017-12-03,8
120734,271484,3065645,pv,1512193435,2017-12-02 05:43:55,2017-12-02,5
116772,2820806,4690421,pv,1512052285,2017-11-30 14:31:25,2017-11-30,14
119318,1330621,4956748,pv,1512054215,2017-11-30 15:03:35,2017-11-30,15
117526,758944,4829999,pv,1512126569,2017-12-01 11:09:29,2017-12-01,11
101413,1332255,2640118,pv,1512306781,2017-12-03 13:13:01,2017-12-03,13
110056,3903664,1320293,pv,1511791710,2017-11-27 14:08:30,2017-11-27,14
114779,3155263,1207887,pv,1511539577,2017-11-24 16:06:17,2017-11-24,16
102481,657615,4022701,pv,1511792745,2017-11-27 14:25:45,2017-11-27,14
119722,4860013,2578647,pv,1512125959,2017-12-01 10:59:19,2017-12-01,10
1006422,3788742,2355072,pv,1511963393,2017-11-29 13:49:53,2017-11-29,13
124078,4091349,3607361,pv,1511784399,2017-11-27 12:06:39,2017-11-27,12
100197,5076982,2440115,fav,1511823170,2017-11-27 22:52:50,2017-11-27,22
1007650,3986384,2640118,cart,1511699976,2017-11-26 12:39:36,2017-11-26,12
1013787,1247961,3441583,pv,1511962136,2017-11-29 13:28:56,2017-11-29,13
1014046,4102044,4756105,pv,1511671301,2017-11-26 04:41:41,2017-11-26,4
126437,2012851,4756105,pv,1512261965,2017-12-03 00:46:05,2017-12-03,0
120621,3810714,1528133,pv,1511594796,2017-11-25 07:26:36,2017-11-25,7
1001543,4945426,2355072,pv,1512119533,2017-12-01 09:12:13,2017-12-01,9
1004441,3726583,4789432,pv,1511850477,2017-11-28 06:27:57,2017-11-28,6
109967,3636765,570735,fav,1511653994,2017-11-25 23:53:14,2017-11-25,23
1011046,3028268,2735466,pv,1511569646,2017-11-25 00:27:26,2017-11-25,0
111755,4755993,3607361,pv,1511664777,2017-11-26 02:52:57,2017-11-26,2
112253,2901210,5053508,pv,1511770070,2017-11-27 08:07:50,2017-11-27,8
123350,112125,4756105,buy,1512297309,2017-12-03 10:35:09,2017-12-03,10
1006803,1958224,1792277,pv,1512184605,2017-12-02 03:16:45,2017-12-02,3
10013,3744538,4181361,pv,1512259777,2017-12-03 00:09:37,2017-12-03,0
121475,5121876,2640118,pv,1511830679,2017-11-28 00:57:59,2017-11-28,0
119332,3551389,2072473,pv,1512133173,2017-12-01 12:59:33,2017-12-01,12
105369,2684613,4818107,cart,1512102462,2017-12-01 04:27:42,2017-12-01,4
125924,524994,4022701,pv,1511620344,2017-11-25 14:32:24,2017-11-25,14
1000937,4114522,1080785,pv,1512034763,2017-11-30 09:39:23,2017-11-30,9
114824,977915,2157356,pv,1512192525,2017-12-02 05:28:45,2017-12-02,5
10899,1384854,3004853,pv,1512203461,2017-12-02 08:31:01,2017-12-02,8
127340,4321811,3002561,pv,1511865661,2017-11-28 10:41:01,2017-11-28,10
1009948,6156,2728585,pv,1512010093,2017-11-30 02:48:13,2017-11-30,2
124273,4063688,2837163,cart,1511916722,2017-11-29 00:52:02,2017-11-29,0
122667,3409151,2465336,pv,1511828741,2017-11-28 00:25:41,2017-11-28,0
127883,3290048,1023823,pv,1511696733,2017-11-26 11:45:33,2017-11-26,11
1009551,3951131,4643350,pv,1512215675,2017-12-02 11:54:35,2017-12-02,11
1017730,3848515,1652543,pv,1512262215,2017-12-03 00:50:15,2017-12-03,0
1006666,418095,2640118,pv,1511601237,2017-11-25 09:13:57,2017-11-25,9
1004689,2720139,1859277,pv,1512303967,2017-12-03 12:26:07,2017-12-03,12
105769,4234921,3738615,pv,1511980123,2017-11-29 18:28:43,2017-11-29,18
1015305,5090439,3570656,pv,1512294779,2017-12-03 09:52:59,2017-12-03,9
1009237,4970458,4145813,pv,1511765026,2017-11-27 06:43:46,2017-11-27,6
1012774,4711553,2939262,pv,1511850801,2017-11-28 06:33:21,2017-11-28,6
1008727,2931550,5053508,pv,1512207352,2017-12-02 09:35:52,2017-12-02,9
1009722,1610923,35290,pv,1511758697,2017-11-27 04:58:17,2017-11-27,4
1009221,3098864,1320293,pv,1512224297,2017-12-02 14:18:17,2017-12-02,14
1004923,3527074,4398560,pv,1512223282,2017-12-02 14:01:22,2017-12-02,14
121471,3354413,4022701,pv,1511659257,2017-11-26 01:20:57,2017-11-26,1
1012524,2132945,3002561,pv,1512016448,2017-11-30 04:34:08,2017-11-30,4
1017719,667123,2072473,pv,1511973258,2017-11-29 16:34:18,2017-11-29,16
125210,460100,1464116,pv,1512302020,2017-12-03 11:53:40,2017-12-03,11
12851,2161529,883960,pv,1512018449,2017-11-30 05:07:29,2017-11-30,5
118944,2987601,223690,pv,1512014119,2017-11-30 03:55:19,2017-11-30,3
122471,4427292,2188684,pv,1512190783,2017-12-02 04:59:43,2017-12-02,4
118221,5147774,120033,pv,1512151036,2017-12-01 17:57:16,2017-12-01,17
104252,2456266,1516409,pv,1512016334,2017-11-30 04:32:14,2017-11-30,4
122573,3848737,1615537,pv,1511617978,2017-11-25 13:52:58,2017-11-25,13
1006784,77466,3355288,pv,1511962617,2017-11-29 13:36:57,2017-11-29,13
1004792,1275059,245312,cart,1512031038,2017-11-30 08:37:18,2017-11-30,8
124660,2176854,3607361,fav,1511929114,2017-11-29 04:18:34,2017-11-29,4
1001866,3970895,1879194,pv,1511932619,2017-11-29 05:16:59,2017-11-29,5
121986,475999,3244547,pv,1512094052,2017-12-01 02:07:32,2017-12-01,2
101832,4246247,4779633,buy,1512220896,2017-12-02 13:21:36,2017-12-02,13
1015966,282117,3328511,pv,1512272230,2017-12-03 03:37:10,2017-12-03,3
128469,3201769,2202384,pv,1512056329,2017-11-30 15:38:49,2017-11-30,15
118140,3187245,4688770,pv,1511619310,2017-11-25 14:15:10,2017-11-25,14
11512,4824144,3371868,pv,1512106091,2017-12-01 05:28:11,2017-12-01,5
1001130,5127138,3102419,pv,1512228262,2017-12-02 15:24:22,2017-12-02,15
1013655,3940833,4708262,pv,1511598433,2017-11-25 08:27:13,2017-11-25,8
101489,137035,3004853,pv,1511590398,2017-11-25 06:13:18,2017-11-25,6
114752,106341,4284875,pv,1512173942,2017-12-02 00:19:02,2017-12-02,0
112867,633065,5030562,pv,1512138539,2017-12-01 14:28:59,2017-12-01,14
113652,4624534,3999977,pv,1511680720,2017-11-26 07:18:40,2017-11-26,7
108805,2718850,4756105,pv,1511616584,2017-11-25 13:29:44,2017-11-25,13
116139,862880,2131531,pv,1511600702,2017-11-25 09:05:02,2017-11-25,9
110497,1560007,4756105,pv,1512220203,2017-12-02 13:10:03,2017-12-02,13
1013785,3541847,411153,pv,1512108060,2017-12-01 06:01:00,2017-12-01,6
12758,984477,2926020,cart,1512313250,2017-12-03 15:00:50,2017-12-03,15
116869,4064102,2939262,pv,1511662649,2017-11-26 02:17:29,2017-11-26,2
109523,774331,4170419,pv,1511586336,2017-11-25 05:05:36,2017-11-25,5
122502,4896654,2885642,pv,1511708120,2017-11-26 14:55:20,2017-11-26,14
103914,1934739,5071267,pv,1511878236,2017-11-28 14:10:36,2017-11-28,14
1008737,2842742,1029459,pv,1512257210,2017-12-02 23:26:50,2017-12-02,23
1015887,4777478,1879194,pv,1511842201,2017-11-28 04:10:01,2017-11-28,4
112541,4601213,4703483,pv,1512200334,2017-12-02 07:38:54,2017-12-02,7
108756,2870259,3607361,pv,1511775664,2017-11-27 09:41:04,2017-11-27,9
1004413,2648210,4159072,pv,1511957498,2017-11-29 12:11:38,2017-11-29,12
122309,2999758,4756105,cart,1511945307,2017-11-29 08:48:27,2017-11-29,8
1009256,4975009,2920476,pv,1511884341,2017-11-28 15:52:21,2017-11-28,15
1002274,2666135,1813610,pv,1511899532,2017-11-28 20:05:32,2017-11-28,20
123394,4134973,4145813,pv,1511690485,2017-11-26 10:01:25,2017-11-26,10
1002066,430861,1446405,pv,1512020885,2017-11-30 05:48:05,2017-11-30,5
1014917,1906368,802833,pv,1512307820,2017-12-03 13:30:20,2017-12-03,13
1008830,399610,3607361,pv,1511967505,2017-11-29 14:58:25,2017-11-29,14
124507,907356,3607361,pv,1512218888,2017-12-02 12:48:08,2017-12-02,12
1008685,4093495,1805756,fav,1512209626,2017-12-02 10:13:46,2017-12-02,10
10645,922484,672001,pv,1512268033,2017-12-03 02:27:13,2017-12-03,2
121572,4880592,4756105,pv,1512128467,2017-12-01 11:41:07,2017-12-01,11
103680,2256598,384755,pv,1511960964,2017-11-29 13:09:24,2017-11-29,13
115967,2843848,2355072,pv,1512268314,2017-12-03 02:31:54,2017-12-03,2
117272,3165557,4756105,pv,1511792495,2017-11-27 14:21:35,2017-11-27,14
1016385,1228933,1299190,pv,1512309335,2017-12-03 13:55:35,2017-12-03,13
113256,3333944,1817004,pv,1512223458,2017-12-02 14:04:18,2017-12-02,14
1001915,4526344,2520377,pv,1512110922,2017-12-01 06:48:42,2017-12-01,6
1013057,340296,4339722,cart,1512300412,2017-12-03 11:26:52,2017-12-03,11
118965,1867267,4145813,pv,1511657469,2017-11-26 00:51:09,2017-11-26,0
1003428,2385196,381850,pv,1511581282,2017-11-25 03:41:22,2017-11-25,3
123132,235984,903809,pv,1512223979,2017-12-02 14:12:59,2017-12-02,14
1006121,2167934,344833,pv,1511617605,2017-11-25 13:46:45,2017-11-25,13
111709,700836,4756105,pv,1512128047,2017-12-01 11:34:07,2017-12-01,11
126151,4555356,4181361,pv,1511778705,2017-11-27 10:31:45,2017-11-27,10
111960,3829086,4801426,pv,1512130642,2017-12-01 12:17:22,2017-12-01,12
110989,4908059,3294401,cart,1512199428,2017-12-02 07:23:48,2017-12-02,7
127722,1313150,4801426,pv,1512220988,2017-12-02 13:23:08,2017-12-02,13
1001947,2163884,4391936,pv,1512315980,2017-12-03 15:46:20,2017-12-03,15
100847,2183009,1320293,pv,1512060563,2017-11-30 16:49:23,2017-11-30,16
1015796,330408,2465336,pv,1511597305,2017-11-25 08:08:25,2017-11-25,8
1014652,4937998,4217906,pv,1511830431,2017-11-28 00:53:51,2017-11-28,0
1013830,2476662,2617994,pv,1511994325,2017-11-29 22:25:25,2017-11-29,22
100760,643828,2939262,pv,1511669149,2017-11-26 04:05:49,2017-11-26,4
1009153,118356,1567637,pv,1511839866,2017-11-28 03:31:06,2017-11-28,3
115014,59883,4818107,pv,1511917956,2017-11-29 01:12:36,2017-11-29,1
1017277,1167859,2355072,pv,1512279323,2017-12-03 05:35:23,2017-12-03,5
1013611,1628430,2939262,pv,1512312790,2017-12-03 14:53:10,2017-12-03,14
10958,4471358,3002561,pv,1512235473,2017-12-02 17:24:33,2017-12-02,17
119634,5027793,4181361,pv,1511860998,2017-11-28 09:23:18,2017-11-28,9
104191,2841507,1299190,pv,1512103351,2017-12-01 04:42:31,2017-12-01,4
111378,1856288,4181361,pv,1511666076,2017-11-26 03:14:36,2017-11-26,3
111634,4541214,1879194,pv,1512200322,2017-12-02 07:38:42,2017-12-02,7
114616,2544638,3124169,buy,1511603616,2017-11-25 09:53:36,2017-11-25,9
1016093,386151,149192,pv,1512148031,2017-12-01 17:07:11,2017-12-01,17
1016559,1844309,2885642,pv,1512097374,2017-12-01 03:02:54,2017-12-01,3
1008215,3990990,4756105,pv,1511957929,2017-11-29 12:18:49,2017-11-29,12
111942,3243368,4181361,pv,1511828880,2017-11-28 00:28:00,2017-11-28,0
12077,1387181,4261392,pv,1512278993,2017-12-03 05:29:53,2017-12-03,5
1014715,3129056,4756105,pv,1511702945,2017-11-26 13:29:05,2017-11-26,13
1008131,5118407,4222240,fav,1512133895,2017-12-01 13:11:35,2017-12-01,13
122192,2530768,982926,pv,1511962438,2017-11-29 13:33:58,2017-11-29,13
1007356,1935904,2939262,pv,1511608386,2017-11-25 11:13:06,2017-11-25,11
108164,3356951,1132429,pv,1512124036,2017-12-01 10:27:16,2017-12-01,10
109087,236194,1026507,pv,1511755971,2017-11-27 04:12:51,2017-11-27,4
106077,1948427,4217906,pv,1512287825,2017-12-03 07:57:05,2017-12-03,7
123701,2469337,883960,pv,1512100683,2017-12-01 03:58:03,2017-12-01,3
1007037,2717751,1073768,pv,1511951405,2017-11-29 10:30:05,2017-11-29,10
1007351,1008144,4633953,pv,1512058490,2017-11-30 16:14:50,2017-11-30,16
125835,2953293,1464116,pv,1511599200,2017-11-25 08:40:00,2017-11-25,8
11413,1199804,982926,pv,1512194052,2017-12-02 05:54:12,2017-12-02,5
125682,3840397,4756105,pv,1511948854,2017-11-29 09:47:34,2017-11-29,9
100273,2474736,672001,pv,1511941953,2017-11-29 07:52:33,2017-11-29,7
1016129,4010678,167871,pv,1511774274,2017-11-27 09:17:54,2017-11-27,9
12809,2325555,4170419,pv,1512043358,2017-11-30 12:02:38,2017-11-30,12
1001670,116277,1859277,pv,1511578092,2017-11-25 02:48:12,2017-11-25,2
1005541,1606677,4470576,pv,1511960585,2017-11-29 13:03:05,2017-11-29,13
1002696,526613,3607361,pv,1511591173,2017-11-25 06:26:13,2017-11-25,6
1010189,1619099,3607361,pv,1511935868,2017-11-29 06:11:08,2017-11-29,6
101904,1621466,4789432,pv,1512307448,2017-12-03 13:24:08,2017-12-03,13
100814,4487208,3002561,pv,1512226288,2017-12-02 14:51:28,2017-12-02,14
119023,1223110,3607361,pv,1512293967,2017-12-03 09:39:27,2017-12-03,9
110980,4748863,1793060,pv,1511783232,2017-11-27 11:47:12,2017-11-27,11
12398,4437467,84264,pv,1512047651,2017-11-30 13:14:11,2017-11-30,13
105550,2798293,4173315,pv,1512277672,2017-12-03 05:07:52,2017-12-03,5
1015007,144714,903809,pv,1511584511,2017-11-25 04:35:11,2017-11-25,4
106634,4402005,4756105,pv,1511585817,2017-11-25 04:56:57,2017-11-25,4
101872,791554,2520771,pv,1512048859,2017-11-30 13:34:19,2017-11-30,13
102312,1684068,3607361,pv,1512212325,2017-12-02 10:58:45,2017-12-02,10
1013015,719887,4700878,pv,1512266508,2017-12-03 02:01:48,2017-12-03,2
111925,155807,4145813,pv,1511879880,2017-11-28 14:38:00,2017-11-28,14
104065,3399067,2737340,pv,1511711019,2017-11-26 15:43:39,2017-11-26,15
127655,213747,1464116,pv,1511671069,2017-11-26 04:37:49,2017-11-26,4
108364,2955185,739426,pv,1512103606,2017-12-01 04:46:46,2017-12-01,4
1009723,109078,2640118,pv,1511920969,2017-11-29 02:02:49,2017-11-29,2
108988,4701214,2026832,pv,1511582858,2017-11-25 04:07:38,2017-11-25,4
126151,4835967,2940518,pv,1511573463,2017-11-25 01:31:03,2017-11-25,1
118891,1401289,4801426,fav,1511885799,2017-11-28 16:16:39,2017-11-28,16
108918,4811514,1429156,buy,1512133863,2017-12-01 13:11:03,2017-12-01,13
1012472,1954678,2520771,pv,1512220471,2017-12-02 13:14:31,2017-12-02,13
1004302,237340,428367,pv,1512043636,2017-11-30 12:07:16,2017-11-30,12
106123,1432719,2579035,pv,1512006340,2017-11-30 01:45:40,2017-11-30,1
1149,1231809,2462567,pv,1512049676,2017-11-30 13:47:56,2017-11-30,13
124811,500027,2891408,pv,1512233190,2017-12-02 16:46:30,2017-12-02,16
1015949,1215084,3607361,pv,1511625485,2017-11-25 15:58:05,2017-11-25,15
126019,112317,703487,pv,1512007192,2017-11-30 01:59:52,2017-11-30,1
120086,855982,1029459,pv,1512184018,2017-12-02 03:06:58,2017-12-02,3
1002306,1726718,274067,pv,1511877019,2017-11-28 13:50:19,2017-11-28,13
1000723,275923,1516409,pv,1512023128,2017-11-30 06:25:28,2017-11-30,6
114912,1254248,4756105,fav,1512035459,2017-11-30 09:50:59,2017-11-30,9
122440,2438608,1859277,pv,1511698376,2017-11-26 12:12:56,2017-11-26,12
108803,6677,3947859,pv,1512037615,2017-11-30 10:26:55,2017-11-30,10
108775,1890342,4145813,pv,1512269876,2017-12-03 02:57:56,2017-12-03,2
101150,4403627,1265358,pv,1512289369,2017-12-03 08:22:49,2017-12-03,8
1016639,2112742,2977465,pv,1512031014,2017-11-30 08:36:54,2017-11-30,8
1008905,1417668,3736316,cart,1512139343,2017-12-01 14:42:23,2017-12-01,14
1005431,3727152,570735,pv,1512016877,2017-11-30 04:41:17,2017-11-30,4
1004428,3572324,1312158,pv,1511739209,2017-11-26 23:33:29,2017-11-26,23
124602,3146141,753984,pv,1511835861,2017-11-28 02:24:21,2017-11-28,2
1000836,1735248,4606718,pv,1512037099,2017-11-30 10:18:19,2017-11-30,10
1012745,2700788,235534,pv,1512186731,2017-12-02 03:52:11,2017-12-02,3
111811,253783,3303026,pv,1512114521,2017-12-01 07:48:41,2017-12-01,7
123543,4347562,3102419,cart,1512228695,2017-12-02 15:31:35,2017-12-02,15
10668,2996041,1575622,pv,1512288444,2017-12-03 08:07:24,2017-12-03,8
111936,1151562,982926,pv,1512050039,2017-11-30 13:53:59,2017-11-30,13
117524,3481363,1320293,pv,1511659703,2017-11-26 01:28:23,2017-11-26,1
124295,1008693,3371868,pv,1511760026,2017-11-27 05:20:26,2017-11-27,5
1004577,639236,2196412,pv,1512227088,2017-12-02 15:04:48,2017-12-02,15
114752,3829862,1828179,pv,1512134035,2017-12-01 13:13:55,2017-12-01,13
103877,2797037,1379146,pv,1512038238,2017-11-30 10:37:18,2017-11-30,10
102534,3979895,622168,pv,1512287059,2017-12-03 07:44:19,2017-12-03,7
1001662,2546537,1929875,pv,1512098714,2017-12-01 03:25:14,2017-12-01,3
116119,2953080,4936889,pv,1512149437,2017-12-01 17:30:37,2017-12-01,17
117141,1744701,2192512,pv,1512042076,2017-11-30 11:41:16,2017-11-30,11
1014207,3285557,1102540,pv,1511678178,2017-11-26 06:36:18,2017-11-26,6
1006084,1664936,982926,pv,1512025810,2017-11-30 07:10:10,2017-11-30,7
116596,2618673,411153,pv,1511797725,2017-11-27 15:48:45,2017-11-27,15
1013655,2426261,4145813,pv,1511858025,2017-11-28 08:33:45,2017-11-28,8
122265,2384108,982926,pv,1512260673,2017-12-03 00:24:33,2017-12-03,0
1014637,3157487,1265358,pv,1512022797,2017-11-30 06:19:57,2017-11-30,6
1011996,2357141,4756105,pv,1512119754,2017-12-01 09:15:54,2017-12-01,9
116241,2447941,50601,pv,1512136666,2017-12-01 13:57:46,2017-12-01,13
118751,5014608,2355072,pv,1512170428,2017-12-01 23:20:28,2017-12-01,23
123252,1394896,2156156,pv,1511869631,2017-11-28 11:47:11,2017-11-28,11
1000462,803044,1464116,pv,1512193416,2017-12-02 05:43:36,2017-12-02,5
123530,4397165,1516409,pv,1511946089,2017-11-29 09:01:29,2017-11-29,9
107358,2197231,3938045,pv,1512229692,2017-12-02 15:48:12,2017-12-02,15
119961,3565945,4756105,pv,1512213359,2017-12-02 11:15:59,2017-12-02,11
111770,2690578,1587961,cart,1512173381,2017-12-02 00:09:41,2017-12-02,0
107836,324818,2939262,pv,1511590792,2017-11-25 06:19:52,2017-11-25,6
120086,2549465,2939262,pv,1511882120,2017-11-28 15:15:20,2017-11-28,15
122103,750419,3228699,pv,1512086172,2017-11-30 23:56:12,2017-11-30,23
1011992,4997614,4284875,pv,1511671076,2017-11-26 04:37:56,2017-11-26,4
110365,936341,2817976,pv,1512285129,2017-12-03 07:12:09,2017-12-03,7
116892,3660686,4801426,pv,1512047161,2017-11-30 13:06:01,2017-11-30,13
103156,2143313,2355072,pv,1511671944,2017-11-26 04:52:24,2017-11-26,4
110620,1398644,149192,cart,1511964317,2017-11-29 14:05:17,2017-11-29,14
1008797,3475381,1299190,pv,1511794068,2017-11-27 14:47:48,2017-11-27,14
114672,4691545,3598912,pv,1511914090,2017-11-29 00:08:10,2017-11-29,0
106489,1259660,999755,pv,1512037847,2017-11-30 10:30:47,2017-11-30,10
11045,3949072,2415168,buy,1512117031,2017-12-01 08:30:31,2017-12-01,8
1016393,4168154,3800818,pv,1512179424,2017-12-02 01:50:24,2017-12-02,1
110776,4241776,4756105,pv,1512092758,2017-12-01 01:45:58,2017-12-01,1
106457,793638,4217906,pv,1512142992,2017-12-01 15:43:12,2017-12-01,15
125811,780358,3738615,pv,1511970125,2017-11-29 15:42:05,2017-11-29,15
123962,1144310,2422417,pv,1511848212,2017-11-28 05:50:12,2017-11-28,5
101771,1724501,2998328,pv,1512136366,2017-12-01 13:52:46,2017-12-01,13
102019,5054367,2256028,pv,1511916386,2017-11-29 00:46:26,2017-11-29,0
115333,2709954,4756105,pv,1512212805,2017-12-02 11:06:45,2017-12-02,11
102666,5058962,4062559,cart,1511933588,2017-11-29 05:33:08,2017-11-29,5
108870,3025186,3299155,pv,1512309058,2017-12-03 13:50:58,2017-12-03,13
120862,366852,4244487,pv,1512257689,2017-12-02 23:34:49,2017-12-02,23
1012105,996592,532507,pv,1511994137,2017-11-29 22:22:17,2017-11-29,22
113956,3446777,3255355,pv,1512188816,2017-12-02 04:26:56,2017-12-02,4
100700,2899794,3855599,pv,1511757873,2017-11-27 04:44:33,2017-11-27,4
1010283,2466347,2465336,pv,1511595992,2017-11-25 07:46:32,2017-11-25,7
1000321,2858109,982926,pv,1512179777,2017-12-02 01:56:17,2017-12-02,1
1011749,633364,4789432,pv,1511780824,2017-11-27 11:07:04,2017-11-27,11
125266,4821103,2520377,pv,1511664433,2017-11-26 02:47:13,2017-11-26,2
110056,316739,4242717,pv,1512171415,2017-12-01 23:36:55,2017-12-01,23
12398,115996,3807763,pv,1512134187,2017-12-01 13:16:27,2017-12-01,13
1015875,1708560,4145813,pv,1512219345,2017-12-02 12:55:45,2017-12-02,12
1004753,2886181,2342116,pv,1512310460,2017-12-03 14:14:20,2017-12-03,14
121123,4510469,982926,pv,1512215148,2017-12-02 11:45:48,2017-12-02,11
112184,2216058,4173315,pv,1512216063,2017-12-02 12:01:03,2017-12-02,12
122133,1708478,753984,pv,1511776747,2017-11-27 09:59:07,2017-11-27,9
107345,813619,982926,pv,1511798302,2017-11-27 15:58:22,2017-11-27,15
116290,2660930,883960,pv,1511753572,2017-11-27 03:32:52,2017-11-27,3
1003346,1747372,737184,pv,1512218241,2017-12-02 12:37:21,2017-12-02,12
11079,1276014,2096639,pv,1511794522,2017-11-27 14:55:22,2017-11-27,14
12104,2112669,2520377,pv,1512194780,2017-12-02 06:06:20,2017-12-02,6
1012179,2436255,2578647,pv,1511946989,2017-11-29 09:16:29,2017-11-29,9
1012849,2338755,1646753,pv,1512027527,2017-11-30 07:38:47,2017-11-30,7
110681,4673392,3962843,pv,1512215582,2017-12-02 11:53:02,2017-12-02,11
108654,4141234,2465336,pv,1511674479,2017-11-26 05:34:39,2017-11-26,5
125419,2824894,4919077,pv,1512222026,2017-12-02 13:40:26,2017-12-02,13
102302,453940,381850,pv,1512203602,2017-12-02 08:33:22,2017-12-02,8
1017927,3073474,3795317,pv,1512135656,2017-12-01 13:40:56,2017-12-01,13
1008037,4823722,3231625,pv,1512201596,2017-12-02 07:59:56,2017-12-02,7
1011880,66454,3844144,pv,1511995188,2017-11-29 22:39:48,2017-11-29,22
1000251,424275,1421739,pv,1512275623,2017-12-03 04:33:43,2017-12-03,4
1006647,3111239,383749,pv,1512223686,2017-12-02 14:08:06,2017-12-02,14
1003766,1433314,982926,pv,1511954856,2017-11-29 11:27:36,2017-11-29,11
1013004,4852411,411153,buy,1511771311,2017-11-27 08:28:31,2017-11-27,8
1001102,3376190,4643350,pv,1512134363,2017-12-01 13:19:23,2017-12-01,13
112300,687713,3343095,pv,1512228497,2017-12-02 15:28:17,2017-12-02,15
1017804,2252699,3338209,pv,1512270293,2017-12-03 03:04:53,2017-12-03,3
10343,1251130,2885642,pv,1512218155,2017-12-02 12:35:55,2017-12-02,12
127585,4165510,2355072,pv,1511695966,2017-11-26 11:32:46,2017-11-26,11
1016774,2622307,1031083,pv,1511787783,2017-11-27 13:03:03,2017-11-27,13
1015988,3733806,149192,pv,1511984975,2017-11-29 19:49:35,2017-11-29,19
128512,3832208,4756105,pv,1512185305,2017-12-02 03:28:25,2017-12-02,3
1003893,1164931,3138705,pv,1512267136,2017-12-03 02:12:16,2017-12-03,2
1013359,4649330,2735466,pv,1512277760,2017-12-03 05:09:20,2017-12-03,5
1013520,1425898,154040,pv,1512191098,2017-12-02 05:04:58,2017-12-02,5
1000840,1020338,2228184,pv,1512218355,2017-12-02 12:39:15,2017-12-02,12
111636,3902809,982926,pv,1511613038,2017-11-25 12:30:38,2017-11-25,12
128212,2886847,856543,pv,1512050752,2017-11-30 14:05:52,2017-11-30,14
122984,2130801,4145813,pv,1512223735,2017-12-02 14:08:55,2017-12-02,14
127967,4302254,4801426,pv,1512176981,2017-12-02 01:09:41,2017-12-02,1
12311,2349548,4145813,pv,1512132235,2017-12-01 12:43:55,2017-12-01,12
115986,830638,4643350,pv,1512053723,2017-11-30 14:55:23,2017-11-30,14
124607,4508292,2778281,pv,1512282017,2017-12-03 06:20:17,2017-12-03,6
105983,1627096,1994940,pv,1512183288,2017-12-02 02:54:48,2017-12-02,2
104166,4863569,903809,pv,1511654218,2017-11-25 23:56:58,2017-11-25,23
12076,816484,4756105,pv,1512123404,2017-12-01 10:16:44,2017-12-01,10
1001829,2072170,2202384,pv,1512276030,2017-12-03 04:40:30,2017-12-03,4
125187,2319601,4217906,pv,1511830266,2017-11-28 00:51:06,2017-11-28,0
103128,3494112,3570656,pv,1512308000,2017-12-03 13:33:20,2017-12-03,13
105944,4681051,5053508,pv,1511708776,2017-11-26 15:06:16,2017-11-26,15
120659,1941436,4244487,pv,1512033046,2017-11-30 09:10:46,2017-11-30,9
11839,509960,1879194,pv,1512308952,2017-12-03 13:49:12,2017-12-03,13
1004050,178115,2465336,pv,1511876625,2017-11-28 13:43:45,2017-11-28,13
10790,5004865,4022701,pv,1512304224,2017-12-03 12:30:24,2017-12-03,12
1017511,4132701,2735466,pv,1512095035,2017-12-01 02:23:55,2017-12-01,2
128005,4051195,2355072,pv,1511717195,2017-11-26 17:26:35,2017-11-26,17
1012841,52554,4627820,pv,1511878299,2017-11-28 14:11:39,2017-11-28,14
1013943,459115,4357323,pv,1512117844,2017-12-01 08:44:04,2017-12-01,8
109098,2360303,4217906,pv,1512137513,2017-12-01 14:11:53,2017-12-01,14
105230,2282630,3607361,pv,1512222433,2017-12-02 13:47:13,2017-12-02,13
1234,4282495,3616520,pv,1511659921,2017-11-26 01:32:01,2017-11-26,1
1013381,1306284,3607361,pv,1511713300,2017-11-26 16:21:40,2017-11-26,16
113194,1863969,4801426,pv,1511912273,2017-11-28 23:37:53,2017-11-28,23
120781,4607604,982926,cart,1511563086,2017-11-24 22:38:06,2017-11-24,22
122333,2347944,2735466,pv,1511807656,2017-11-27 18:34:16,2017-11-27,18
110072,835577,4358294,pv,1511597123,2017-11-25 08:05:23,2017-11-25,8
1014530,3348756,1299190,pv,1512146477,2017-12-01 16:41:17,2017-12-01,16
101069,3922615,1320293,pv,1512172309,2017-12-01 23:51:49,2017-12-01,23
12178,1727186,2885642,pv,1511589247,2017-11-25 05:54:07,2017-11-25,5
1013934,4753740,4756105,cart,1512128777,2017-12-01 11:46:17,2017-12-01,11
102715,1922450,1397912,pv,1511920872,2017-11-29 02:01:12,2017-11-29,2
1004259,2942295,3819363,pv,1511957556,2017-11-29 12:12:36,2017-11-29,12
121198,2549765,1879194,pv,1511574303,2017-11-25 01:45:03,2017-11-25,1
120326,2563570,2629787,pv,1512189872,2017-12-02 04:44:32,2017-12-02,4
111526,2911429,1872294,pv,1511946017,2017-11-29 09:00:17,2017-11-29,9
116666,2576254,903809,pv,1512097473,2017-12-01 03:04:33,2017-12-01,3
107492,42606,883960,pv,1512003196,2017-11-30 00:53:16,2017-11-30,0
1011789,1335646,1080785,pv,1512179509,2017-12-02 01:51:49,2017-12-02,1
110116,3118095,2355072,pv,1512307201,2017-12-03 13:20:01,2017-12-03,13
119489,4004125,381850,pv,1512314075,2017-12-03 15:14:35,2017-12-03,15
119395,1987513,1320293,cart,1511686319,2017-11-26 08:51:59,2017-11-26,8
127562,5076029,1928278,pv,1512219080,2017-12-02 12:51:20,2017-12-02,12
107488,4368554,323851,pv,1512143380,2017-12-01 15:49:40,2017-12-01,15
109232,3223384,3607361,pv,1511678794,2017-11-26 06:46:34,2017-11-26,6
104675,1329715,4756105,fav,1512183239,2017-12-02 02:53:59,2017-12-02,2
1005787,731612,4558987,pv,1511875814,2017-11-28 13:30:14,2017-11-28,13
116927,2233052,3002561,pv,1512058519,2017-11-30 16:15:19,2017-11-30,16
123109,2436735,4217906,pv,1512052454,2017-11-30 14:34:14,2017-11-30,14
110804,1866012,622168,pv,1511821923,2017-11-27 22:32:03,2017-11-27,22
100531,1459372,3738615,pv,1512128913,2017-12-01 11:48:33,2017-12-01,11
121479,4504873,883960,pv,1511853777,2017-11-28 07:22:57,2017-11-28,7
1004621,2814490,1080785,pv,1511675480,2017-11-26 05:51:20,2017-11-26,5
12674,4735222,65362,pv,1512198458,2017-12-02 07:07:38,2017-12-02,7
107606,2501437,513013,fav,1511970857,2017-11-29 15:54:17,2017-11-29,15
104449,4166788,3607361,pv,1511793469,2017-11-27 14:37:49,2017-11-27,14
12665,2944278,384755,pv,1512061695,2017-11-30 17:08:15,2017-11-30,17
1005452,2944745,4135836,pv,1512054028,2017-11-30 15:00:28,2017-11-30,15
109343,3247618,2337395,buy,1512096990,2017-12-01 02:56:30,2017-12-01,2
1008046,4725871,1068933,pv,1511703894,2017-11-26 13:44:54,2017-11-26,13
111314,4617328,2982027,pv,1512202720,2017-12-02 08:18:40,2017-12-02,8
1013933,3949347,4145813,pv,1511622150,2017-11-25 15:02:30,2017-11-25,15
1005120,2777165,2885642,pv,1512295626,2017-12-03 10:07:06,2017-12-03,10
1008382,2119758,4801426,pv,1511853046,2017-11-28 07:10:46,2017-11-28,7
126235,376691,4662072,pv,1512290598,2017-12-03 08:43:18,2017-12-03,8
109218,1197,2096639,pv,1511579103,2017-11-25 03:05:03,2017-11-25,3
128529,434919,3208959,pv,1511693771,2017-11-26 10:56:11,2017-11-26,10
122071,3334830,2885642,pv,1511703740,2017-11-26 13:42:20,2017-11-26,13
12076,3302500,4719814,pv,1512225198,2017-12-02 14:33:18,2017-12-02,14
110431,4423003,3081594,pv,1511837305,2017-11-28 02:48:25,2017-11-28,2
11222,1739383,2355072,pv,1512056780,2017-11-30 15:46:20,2017-11-30,15
106355,919754,2355072,pv,1511755604,2017-11-27 04:06:44,2017-11-27,4
1005807,2764406,2465336,pv,1511594603,2017-11-25 07:23:23,2017-11-25,7
113728,3078724,1798340,pv,1511833597,2017-11-28 01:46:37,2017-11-28,1
1002886,3199484,4357323,pv,1511792028,2017-11-27 14:13:48,2017-11-27,14
123329,4566957,3002561,pv,1512311787,2017-12-03 14:36:27,2017-12-03,14
115638,1097284,883960,pv,1512195630,2017-12-02 06:20:30,2017-12-02,6
109776,4998497,4145813,pv,1512114765,2017-12-01 07:52:45,2017-12-01,7
120958,2891389,965809,buy,1511621053,2017-11-25 14:44:13,2017-11-25,14
1000807,681569,3776866,cart,1511779223,2017-11-27 10:40:23,2017-11-27,10
110720,1464073,2735466,pv,1511922064,2017-11-29 02:21:04,2017-11-29,2
1015573,18586,874415,pv,1511687134,2017-11-26 09:05:34,2017-11-26,9
117128,2099112,4756105,pv,1511966198,2017-11-29 14:36:38,2017-11-29,14
1005701,3218898,2520377,pv,1512289070,2017-12-03 08:17:50,2017-12-03,8
121341,3797685,1505776,cart,1511964615,2017-11-29 14:10:15,2017-11-29,14
1016990,3281473,2465336,pv,1512194475,2017-12-02 06:01:15,2017-12-02,6
126075,1941609,1305897,pv,1511904642,2017-11-28 21:30:42,2017-11-28,21
1013202,174853,3312150,pv,1511933763,2017-11-29 05:36:03,2017-11-29,5
101982,2391025,2732466,pv,1511880816,2017-11-28 14:53:36,2017-11-28,14
106364,2597539,3404739,pv,1511625847,2017-11-25 16:04:07,2017-11-25,16
119241,980445,3138705,pv,1511847240,2017-11-28 05:34:00,2017-11-28,5
102593,2743203,2558244,pv,1511743178,2017-11-27 00:39:38,2017-11-27,0
11079,2663704,155172,pv,1511782877,2017-11-27 11:41:17,2017-11-27,11
121223,4347375,154040,pv,1511692967,2017-11-26 10:42:47,2017-11-26,10
107311,1488501,4918438,pv,1512043011,2017-11-30 11:56:51,2017-11-30,11
1010504,1709768,2982027,cart,1512125674,2017-12-01 10:54:34,2017-12-01,10
109051,1088719,3607361,pv,1512220416,2017-12-02 13:13:36,2017-12-02,13
107268,2420945,4170419,pv,1512198902,2017-12-02 07:15:02,2017-12-02,7
1010518,185982,3108044,pv,1511868376,2017-11-28 11:26:16,2017-11-28,11
122963,950418,4789432,pv,1512290361,2017-12-03 08:39:21,2017-12-03,8
111894,553402,1530704,pv,1511793669,2017-11-27 14:41:09,2017-11-27,14
1015645,1459442,4756105,pv,1511578537,2017-11-25 02:55:37,2017-11-25,2
119185,1329270,2885642,pv,1512304185,2017-12-03 12:29:45,2017-12-03,12
127054,4971091,2735466,pv,1512047567,2017-11-30 13:12:47,2017-11-30,13
103790,2895171,4145813,pv,1511823779,2017-11-27 23:02:59,2017-11-27,23
122477,933694,1575622,pv,1511788053,2017-11-27 13:07:33,2017-11-27,13
10236,2052661,3607361,pv,1511849367,2017-11-28 06:09:27,2017-11-28,6
113690,3802146,2885642,pv,1511704014,2017-11-26 13:46:54,2017-11-26,13
119395,1312013,2355072,pv,1512141750,2017-12-01 15:22:30,2017-12-01,15
117903,4609996,235534,pv,1512180127,2017-12-02 02:02:07,2017-12-02,2
108063,3886925,982926,pv,1512266901,2017-12-03 02:08:21,2017-12-03,2
1007421,4086586,1787510,pv,1511667444,2017-11-26 03:37:24,2017-11-26,3
1007112,4547670,2433095,pv,1511559833,2017-11-24 21:43:53,2017-11-24,21
1003343,944370,856718,pv,1511604647,2017-11-25 10:10:47,2017-11-25,10
117473,3143628,2355072,pv,1511586758,2017-11-25 05:12:38,2017-11-25,5
107836,4871489,672001,pv,1512101301,2017-12-01 04:08:21,2017-12-01,4
107945,4181539,3759918,cart,1512297398,2017-12-03 10:36:38,2017-12-03,10
103710,1950878,4640311,pv,1512220225,2017-12-02 13:10:25,2017-12-02,13
116867,2221869,2465336,pv,1511960449,2017-11-29 13:00:49,2017-11-29,13
104420,2940563,154040,pv,1511864004,2017-11-28 10:13:24,2017-11-28,10
100261,4015091,4357323,pv,1512095912,2017-12-01 02:38:32,2017-12-01,2
121798,2829533,245312,pv,1512288458,2017-12-03 08:07:38,2017-12-03,8
107945,3604052,874415,pv,1511790628,2017-11-27 13:50:28,2017-11-27,13
105128,4931349,318219,pv,1511709599,2017-11-26 15:19:59,2017-11-26,15
123868,2781594,4690421,pv,1511672875,2017-11-26 05:07:55,2017-11-26,5
128408,798955,2558244,pv,1511932261,2017-11-29 05:11:01,2017-11-29,5
100540,5016291,4756105,pv,1511783133,2017-11-27 11:45:33,2017-11-27,11
1014817,139186,2735466,pv,1512021048,2017-11-30 05:50:48,2017-11-30,5
10678,696632,2355072,pv,1512189456,2017-12-02 04:37:36,2017-12-02,4
101500,1187284,160181,pv,1511963468,2017-11-29 13:51:08,2017-11-29,13
100860,3304034,4901188,cart,1512052557,2017-11-30 14:35:57,2017-11-30,14
1008376,222269,359388,cart,1511969006,2017-11-29 15:23:26,2017-11-29,15
1013911,59883,4818107,pv,1512228937,2017-12-02 15:35:37,2017-12-02,15
1006084,4462004,2131531,pv,1512108471,2017-12-01 06:07:51,2017-12-01,6
120565,305449,4756105,pv,1512244400,2017-12-02 19:53:20,2017-12-02,19
1002128,3557811,3112817,pv,1512305225,2017-12-03 12:47:05,2017-12-03,12
105190,916197,982926,pv,1512005226,2017-11-30 01:27:06,2017-11-30,1
100401,1483428,3779369,pv,1511681988,2017-11-26 07:39:48,2017-11-26,7
1011725,1487976,2520377,pv,1511786072,2017-11-27 12:34:32,2017-11-27,12
1014156,4764688,3231625,fav,1511999295,2017-11-29 23:48:15,2017-11-29,23
107554,3994779,1320293,pv,1511862632,2017-11-28 09:50:32,2017-11-28,9
1015702,1003545,2362370,cart,1511588493,2017-11-25 05:41:33,2017-11-25,5
114931,536903,4217906,pv,1512133647,2017-12-01 13:07:27,2017-12-01,13
111107,933632,2671397,pv,1512137113,2017-12-01 14:05:13,2017-12-01,14
1003221,2772556,4159072,pv,1512298852,2017-12-03 11:00:52,2017-12-03,11
127934,1746793,1320293,pv,1512120615,2017-12-01 09:30:15,2017-12-01,9
1015193,1496645,1488813,pv,1512050433,2017-11-30 14:00:33,2017-11-30,14
118885,2338359,4580532,pv,1512133639,2017-12-01 13:07:19,2017-12-01,13
123388,3847054,2096639,pv,1512223975,2017-12-02 14:12:55,2017-12-02,14
1016334,2876037,4853595,pv,1511708678,2017-11-26 15:04:38,2017-11-26,15
1002142,380061,1320293,pv,1512216448,2017-12-02 12:07:28,2017-12-02,12
100199,3906819,982926,pv,1511958134,2017-11-29 12:22:14,2017-11-29,12
1010418,403316,3598912,pv,1512288682,2017-12-03 08:11:22,2017-12-03,8
1017860,3809043,2342116,pv,1511966614,2017-11-29 14:43:34,2017-11-29,14
1000497,2744457,2247787,pv,1512267585,2017-12-03 02:19:45,2017-12-03,2
110350,1375018,4357323,pv,1511792280,2017-11-27 14:18:00,2017-11-27,14
112970,1160848,2647117,pv,1512295761,2017-12-03 10:09:21,2017-12-03,10
105550,3967598,154040,pv,1511700766,2017-11-26 12:52:46,2017-11-26,12
114656,4400371,3607361,pv,1511929744,2017-11-29 04:29:04,2017-11-29,4
1013822,3269577,1379146,cart,1512270668,2017-12-03 03:11:08,2017-12-03,3
115983,1853483,2640118,cart,1511842167,2017-11-28 04:09:27,2017-11-28,4
101212,3644420,2131531,cart,1511955705,2017-11-29 11:41:45,2017-11-29,11
12261,2492844,4181361,pv,1511966805,2017-11-29 14:46:45,2017-11-29,14
1000771,3642515,1567637,pv,1511858183,2017-11-28 08:36:23,2017-11-28,8
109776,5029621,4145813,pv,1512116685,2017-12-01 08:24:45,2017-12-01,8
1010267,2790946,1265358,pv,1512016593,2017-11-30 04:36:33,2017-11-30,4
127967,2888577,4145813,pv,1512142554,2017-12-01 15:35:54,2017-12-01,15
121423,3614588,3299155,pv,1511691339,2017-11-26 10:15:39,2017-11-26,10
114260,5153870,2355072,pv,1512227090,2017-12-02 15:04:50,2017-12-02,15
106067,1517913,2462567,pv,1512131513,2017-12-01 12:31:53,2017-12-01,12
1002251,3595748,3607361,pv,1512169814,2017-12-01 23:10:14,2017-12-01,23
1010306,3134679,2520771,pv,1511861312,2017-11-28 09:28:32,2017-11-28,9
1000664,433478,4498047,pv,1512096492,2017-12-01 02:48:12,2017-12-01,2
1009004,4054612,1431715,pv,1511749015,2017-11-27 02:16:55,2017-11-27,2
11016,1772516,1723409,pv,1511901127,2017-11-28 20:32:07,2017-11-28,20
128224,4133708,3829421,pv,1512291998,2017-12-03 09:06:38,2017-12-03,9
1004441,3680192,2649368,pv,1512206676,2017-12-02 09:24:36,2017-12-02,9
108442,1342188,1045172,pv,1511579633,2017-11-25 03:13:53,2017-11-25,3
1017725,813910,2885642,pv,1512286220,2017-12-03 07:30:20,2017-12-03,7
1008085,1320344,2297500,pv,1512228770,2017-12-02 15:32:50,2017-12-02,15
101515,4510607,1320293,pv,1511899579,2017-11-28 20:06:19,2017-11-28,20
111365,3789414,1050007,pv,1511770985,2017-11-27 08:23:05,2017-11-27,8
124432,5101763,4756105,pv,1512265682,2017-12-03 01:48:02,2017-12-03,1
1149,269147,5030562,pv,1511699126,2017-11-26 12:25:26,2017-11-26,12
116911,4527476,1451041,pv,1511629476,2017-11-25 17:04:36,2017-11-25,17
127927,532939,2558244,pv,1511709297,2017-11-26 15:14:57,2017-11-26,15
125187,490583,3607361,pv,1511683418,2017-11-26 08:03:38,2017-11-26,8
112566,754210,1158475,pv,1511593053,2017-11-25 06:57:33,2017-11-25,6
1013765,627906,2735466,pv,1512137902,2017-12-01 14:18:22,2017-12-01,14
10984,2531069,1575622,pv,1511852483,2017-11-28 07:01:23,2017-11-28,7
110159,4827125,2355072,pv,1511925192,2017-11-29 03:13:12,2017-11-29,3
1011390,901563,965809,pv,1512210130,2017-12-02 10:22:10,2017-12-02,10
12731,4800586,2920476,pv,1511837480,2017-11-28 02:51:20,2017-11-28,2
116290,2033742,2355072,buy,1511845650,2017-11-28 05:07:30,2017-11-28,5
1001270,40340,4602841,pv,1512199567,2017-12-02 07:26:07,2017-12-02,7
12629,3143527,4391936,pv,1511670917,2017-11-26 04:35:17,2017-11-26,4
108685,2523925,1051370,pv,1511759611,2017-11-27 05:13:31,2017-11-27,5
124869,3305901,4145813,cart,1512113763,2017-12-01 07:36:03,2017-12-01,7
1000161,2658902,4801426,pv,1512309499,2017-12-03 13:58:19,2017-12-03,13
105773,988237,2885642,pv,1511609747,2017-11-25 11:35:47,2017-11-25,11
113696,3349643,2492895,cart,1512083913,2017-11-30 23:18:33,2017-11-30,23
118231,2257068,146830,pv,1512180468,2017-12-02 02:07:48,2017-12-02,2
122020,1294175,4654786,pv,1511843050,2017-11-28 04:24:10,2017-11-28,4
1016559,1638867,982926,pv,1511768375,2017-11-27 07:39:35,2017-11-27,7
121206,604992,1464116,pv,1512196056,2017-12-02 06:27:36,2017-12-02,6
1012802,3063885,2545868,pv,1512288281,2017-12-03 08:04:41,2017-12-03,8
103914,4915675,4794845,pv,1511568958,2017-11-25 00:15:58,2017-11-25,0
125307,2963091,4672807,pv,1511623141,2017-11-25 15:19:01,2017-11-25,15
128332,4816142,4756105,pv,1512301942,2017-12-03 11:52:22,2017-12-03,11
124052,2132929,3002561,pv,1512131897,2017-12-01 12:38:17,2017-12-01,12
124001,2927508,4170419,pv,1511699875,2017-11-26 12:37:55,2017-11-26,12
1001727,2728718,446701,cart,1511752151,2017-11-27 03:09:11,2017-11-27,3
1000408,1863944,154040,pv,1512300629,2017-12-03 11:30:29,2017-12-03,11
1004841,4153763,1568197,pv,1511867560,2017-11-28 11:12:40,2017-11-28,11
1012867,2494459,4789432,pv,1512032501,2017-11-30 09:01:41,2017-11-30,9
1003643,4661512,4595718,pv,1512038689,2017-11-30 10:44:49,2017-11-30,10
115892,2081659,2735466,pv,1511601612,2017-11-25 09:20:12,2017-11-25,9
1016326,1173233,2228184,fav,1511867384,2017-11-28 11:09:44,2017-11-28,11
112691,3779710,2355072,pv,1512147032,2017-12-01 16:50:32,2017-12-01,16
1011169,3890370,3299155,pv,1512108073,2017-12-01 06:01:13,2017-12-01,6
1002955,1996860,2815065,pv,1512287436,2017-12-03 07:50:36,2017-12-03,7
118305,3357408,2520377,pv,1511877589,2017-11-28 13:59:49,2017-11-28,13
102802,7612,2221749,pv,1511590953,2017-11-25 06:22:33,2017-11-25,6
1003122,1687085,3720767,pv,1512026099,2017-11-30 07:14:59,2017-11-30,7
124538,1762296,2355072,cart,1511770691,2017-11-27 08:18:11,2017-11-27,8
101352,4140812,3589833,pv,1511791984,2017-11-27 14:13:04,2017-11-27,14
115835,2475755,4145813,pv,1511673353,2017-11-26 05:15:53,2017-11-26,5
12809,2270071,2982027,pv,1512039101,2017-11-30 10:51:41,2017-11-30,10
121929,3751569,4756105,pv,1511795297,2017-11-27 15:08:17,2017-11-27,15
102632,639246,2520377,pv,1511585122,2017-11-25 04:45:22,2017-11-25,4
1011420,3500037,4145813,pv,1512280971,2017-12-03 06:02:51,2017-12-03,6
1000959,4739187,4756105,pv,1512195612,2017-12-02 06:20:12,2017-12-02,6
102873,958773,255969,pv,1511843810,2017-11-28 04:36:50,2017-11-28,4
125920,3814102,2885642,buy,1511788986,2017-11-27 13:23:06,2017-11-27,13
1007294,974788,1689624,pv,1512263869,2017-12-03 01:17:49,2017-12-03,1
103146,1626745,4170419,pv,1512129277,2017-12-01 11:54:37,2017-12-01,11
125050,856377,2158079,pv,1512196200,2017-12-02 06:30:00,2017-12-02,6
1000912,4266243,1664190,pv,1512102244,2017-12-01 04:24:04,2017-12-01,4
1005571,3053539,982926,pv,1511588966,2017-11-25 05:49:26,2017-11-25,5
126045,4148372,3004853,pv,1511770416,2017-11-27 08:13:36,2017-11-27,8
125853,4553542,982926,pv,1512064538,2017-11-30 17:55:38,2017-11-30,17
114208,67545,284968,pv,1511964170,2017-11-29 14:02:50,2017-11-29,14
1017980,2349995,4167958,pv,1511858381,2017-11-28 08:39:41,2017-11-28,8
107066,3274614,2296439,pv,1512072923,2017-11-30 20:15:23,2017-11-30,20
1017785,5154948,3738615,pv,1512303482,2017-12-03 12:18:02,2017-12-03,12
1016193,4905493,2853993,pv,1511592091,2017-11-25 06:41:31,2017-11-25,6
1013364,1161029,3002561,pv,1512045676,2017-11-30 12:41:16,2017-11-30,12
116894,1924372,344833,buy,1512040852,2017-11-30 11:20:52,2017-11-30,11
127180,1999654,4069500,pv,1512003747,2017-11-30 01:02:27,2017-11-30,1
104252,4775281,4181361,fav,1511958839,2017-11-29 12:33:59,2017-11-29,12
108390,4798121,2331312,pv,1511763781,2017-11-27 06:23:01,2017-11-27,6
100199,2044049,3935940,pv,1512199091,2017-12-02 07:18:11,2017-12-02,7
118485,1248803,2520377,pv,1511838170,2017-11-28 03:02:50,2017-11-28,3
116837,5110762,149192,pv,1512139745,2017-12-01 14:49:05,2017-12-01,14
1016950,227756,2520771,pv,1512081104,2017-11-30 22:31:44,2017-11-30,22
1008956,3283740,4606718,pv,1512217183,2017-12-02 12:19:43,2017-12-02,12
1018011,360210,1691699,pv,1512012385,2017-11-30 03:26:25,2017-11-30,3
1007294,3522723,2352202,pv,1512159686,2017-12-01 20:21:26,2017-12-01,20
1009833,1506893,1029459,pv,1511889017,2017-11-28 17:10:17,2017-11-28,17
1013943,2458681,1575622,pv,1512100112,2017-12-01 03:48:32,2017-12-01,3
111041,231879,1356170,pv,1512289064,2017-12-03 08:17:44,2017-12-03,8
1007928,2125202,3253210,pv,1512188811,2017-12-02 04:26:51,2017-12-02,4
113755,3914104,901282,pv,1511836591,2017-11-28 02:36:31,2017-11-28,2
1003495,5039275,4801426,cart,1511742218,2017-11-27 00:23:38,2017-11-27,0
1001131,3102653,2671397,pv,1511942754,2017-11-29 08:05:54,2017-11-29,8
101855,1661650,200278,pv,1512103317,2017-12-01 04:41:57,2017-12-01,4
10027,4353210,1879194,pv,1512289296,2017-12-03 08:21:36,2017-12-03,8
125946,5002594,1548278,pv,1512220848,2017-12-02 13:20:48,2017-12-02,13
103156,2188192,2835439,pv,1512226411,2017-12-02 14:53:31,2017-12-02,14
115333,1798137,4358294,pv,1511700756,2017-11-26 12:52:36,2017-11-26,12
1013202,3527287,3844144,pv,1511838087,2017-11-28 03:01:27,2017-11-28,3
1010536,3224005,411153,cart,1511763172,2017-11-27 06:12:52,2017-11-27,6
100762,159131,2072473,pv,1512258692,2017-12-02 23:51:32,2017-12-02,23
119940,2505633,2885642,pv,1512144328,2017-12-01 16:05:28,2017-12-01,16
108578,50752,3002561,fav,1512279601,2017-12-03 05:40:01,2017-12-03,5
126402,1450455,5041265,pv,1512287619,2017-12-03 07:53:39,2017-12-03,7
1015568,5060754,4181361,pv,1512220648,2017-12-02 13:17:28,2017-12-02,13
1003756,3301155,903809,pv,1512266536,2017-12-03 02:02:16,2017-12-03,2
114309,2364679,4756105,pv,1511707084,2017-11-26 14:38:04,2017-11-26,14
1009153,3506150,1676308,pv,1512312614,2017-12-03 14:50:14,2017-12-03,14
105873,263989,2690374,pv,1512310620,2017-12-03 14:17:00,2017-12-03,14
117395,2828948,4145813,fav,1511585372,2017-11-25 04:49:32,2017-11-25,4
117257,448803,2735466,pv,1512294604,2017-12-03 09:50:04,2017-12-03,9
114916,1099781,1051370,pv,1512097666,2017-12-01 03:07:46,2017-12-01,3
1012105,2484643,2311290,pv,1512019167,2017-11-30 05:19:27,2017-11-30,5
126902,4051249,1813610,pv,1511912567,2017-11-28 23:42:47,2017-11-28,23
1005521,1643248,3607361,pv,1512300230,2017-12-03 11:23:50,2017-12-03,11
1002478,4982810,4217906,pv,1511539827,2017-11-24 16:10:27,2017-11-24,16
102546,1248649,3607361,pv,1511572725,2017-11-25 01:18:45,2017-11-25,1
107549,350677,634390,pv,1512146507,2017-12-01 16:41:47,2017-12-01,16
128229,2526762,893651,pv,1512224053,2017-12-02 14:14:13,2017-12-02,14
1017696,2688038,3002561,pv,1511661682,2017-11-26 02:01:22,2017-11-26,2
102596,5146271,2355072,pv,1512224277,2017-12-02 14:17:57,2017-12-02,14
121667,4938890,3002561,pv,1511653286,2017-11-25 23:41:26,2017-11-25,23
125453,4807323,2520771,pv,1511811387,2017-11-27 19:36:27,2017-11-27,19
124431,2416650,634390,pv,1512238371,2017-12-02 18:12:51,2017-12-02,18
1001309,273772,3607361,pv,1511776374,2017-11-27 09:52:54,2017-11-27,9
115470,2478830,79220,pv,1511919095,2017-11-29 01:31:35,2017-11-29,1
1017613,2368922,5071267,pv,1512283123,2017-12-03 06:38:43,2017-12-03,6
120674,5091467,1575622,pv,1512142021,2017-12-01 15:27:01,2017-12-01,15
107848,1006908,3496816,pv,1512291350,2017-12-03 08:55:50,2017-12-03,8
121425,481669,286229,pv,1512034370,2017-11-30 09:32:50,2017-11-30,9
123966,3565878,3087458,pv,1512201204,2017-12-02 07:53:24,2017-12-02,7
123015,5045741,2465336,fav,1511568915,2017-11-25 00:15:15,2017-11-25,0
127965,1625503,3004853,pv,1511774491,2017-11-27 09:21:31,2017-11-27,9
1003557,4838246,4756105,pv,1512268149,2017-12-03 02:29:09,2017-12-03,2
112184,1349620,3607361,pv,1511837572,2017-11-28 02:52:52,2017-11-28,2
100322,4951243,2033408,pv,1511845005,2017-11-28 04:56:45,2017-11-28,4
1015887,805270,3004853,pv,1511742685,2017-11-27 00:31:25,2017-11-27,0
1004196,293115,2355072,pv,1511598400,2017-11-25 08:26:40,2017-11-25,8
1009666,77672,4145813,pv,1512298288,2017-12-03 10:51:28,2017-12-03,10
111365,2032370,285583,buy,1511749036,2017-11-27 02:17:16,2017-11-27,2
1005815,1764699,2520377,pv,1512284085,2017-12-03 06:54:45,2017-12-03,6
116783,2763531,411153,cart,1512137158,2017-12-01 14:05:58,2017-12-01,14
1002208,3601379,2640118,cart,1511787102,2017-11-27 12:51:42,2017-11-27,12
1011782,2517005,2355072,pv,1512297240,2017-12-03 10:34:00,2017-12-03,10
125438,271386,1879194,pv,1512271018,2017-12-03 03:16:58,2017-12-03,3
1003044,4719281,4357323,pv,1511946716,2017-11-29 09:11:56,2017-11-29,9
1015578,5123317,4145813,pv,1511852172,2017-11-28 06:56:12,2017-11-28,6
101321,15012,3441583,cart,1511958779,2017-11-29 12:32:59,2017-11-29,12
1004026,3744916,1988433,pv,1512190860,2017-12-02 05:01:00,2017-12-02,5
1004332,2819030,4217906,pv,1512042897,2017-11-30 11:54:57,2017-11-30,11
105796,300587,515200,pv,1512269696,2017-12-03 02:54:56,2017-12-03,2
1005701,4126494,2355072,pv,1512237315,2017-12-02 17:55:15,2017-12-02,17
11058,3215320,4756105,pv,1511655638,2017-11-26 00:20:38,2017-11-26,0
1004050,2836060,2465336,pv,1511925967,2017-11-29 03:26:07,2017-11-29,3
1007046,3403547,2948269,pv,1511686832,2017-11-26 09:00:32,2017-11-26,9
105796,167737,516198,pv,1511668814,2017-11-26 04:00:14,2017-11-26,4
104420,2467998,3324385,pv,1512093722,2017-12-01 02:02:02,2017-12-01,2
119099,4266058,3189162,pv,1512270374,2017-12-03 03:06:14,2017-12-03,3
105602,1477200,1787510,pv,1511831821,2017-11-28 01:17:01,2017-11-28,1
104850,1303717,4181361,pv,1512222924,2017-12-02 13:55:24,2017-12-02,13
1013830,2104012,384755,pv,1511943522,2017-11-29 08:18:42,2017-11-29,8
1002668,615397,2520771,pv,1512226722,2017-12-02 14:58:42,2017-12-02,14
1011222,2723229,5030407,pv,1511908455,2017-11-28 22:34:15,2017-11-28,22
1003044,1709568,4801426,pv,1511878200,2017-11-28 14:10:00,2017-11-28,14
117407,144678,1320293,pv,1511973883,2017-11-29 16:44:43,2017-11-29,16
105757,3050464,1349634,pv,1511940706,2017-11-29 07:31:46,2017-11-29,7
128260,1982600,1349561,pv,1512042230,2017-11-30 11:43:50,2017-11-30,11
1012352,1088719,3607361,pv,1512265062,2017-12-03 01:37:42,2017-12-03,1
102286,597824,4145813,pv,1512032264,2017-11-30 08:57:44,2017-11-30,8
1003177,2134404,3002561,pv,1512011180,2017-11-30 03:06:20,2017-11-30,3
1015814,2296219,4801426,pv,1511786212,2017-11-27 12:36:52,2017-11-27,12
107735,3503786,3277224,pv,1511621110,2017-11-25 14:45:10,2017-11-25,14
105979,3782654,3004643,pv,1511737467,2017-11-26 23:04:27,2017-11-26,23
1011036,2139549,801221,fav,1511925609,2017-11-29 03:20:09,2017-11-29,3
114778,325088,2520377,pv,1512263194,2017-12-03 01:06:34,2017-12-03,1
119209,2773664,874415,pv,1512268237,2017-12-03 02:30:37,2017-12-03,2
124809,1998515,1265358,pv,1512283661,2017-12-03 06:47:41,2017-12-03,6
102020,1344014,970709,pv,1512046352,2017-11-30 12:52:32,2017-11-30,12
127560,3636547,4145813,pv,1512065617,2017-11-30 18:13:37,2017-11-30,18
109184,378184,4245823,pv,1511934954,2017-11-29 05:55:54,2017-11-29,5
1016810,3276894,1964754,pv,1511655087,2017-11-26 00:11:27,2017-11-26,0
122893,78645,2920476,pv,1511845032,2017-11-28 04:57:12,2017-11-28,4
1009777,117655,570735,fav,1511994991,2017-11-29 22:36:31,2017-11-29,22
1014199,3859590,982926,pv,1512138180,2017-12-01 14:23:00,2017-12-01,14
111467,2665610,2096639,cart,1512272074,2017-12-03 03:34:34,2017-12-03,3
123672,590413,1068933,pv,1512296026,2017-12-03 10:13:46,2017-12-03,10
104346,3774626,4173315,pv,1511600702,2017-11-25 09:05:02,2017-11-25,9
119343,881061,1521068,pv,1512225757,2017-12-02 14:42:37,2017-12-02,14
1004337,3325011,1051370,pv,1512280414,2017-12-03 05:53:34,2017-12-03,5
1003983,2909223,428367,buy,1511948562,2017-11-29 09:42:42,2017-11-29,9
12492,2506681,3607361,pv,1512019000,2017-11-30 05:16:40,2017-11-30,5
110686,1913065,3002561,pv,1511964367,2017-11-29 14:06:07,2017-11-29,14
1005649,891226,360294,pv,1511817555,2017-11-27 21:19:15,2017-11-27,21
120900,3633260,2096639,pv,1512291749,2017-12-03 09:02:29,2017-12-03,9
1000801,3989590,1646753,pv,1511776722,2017-11-27 09:58:42,2017-11-27,9
11450,4569502,982926,pv,1511871103,2017-11-28 12:11:43,2017-11-28,12
115374,267868,4145813,pv,1511590336,2017-11-25 06:12:16,2017-11-25,6
1009074,3116309,3458525,pv,1512016809,2017-11-30 04:40:09,2017-11-30,4
12494,2656229,4244487,pv,1512233227,2017-12-02 16:47:07,2017-12-02,16
104785,732548,2103768,pv,1512056020,2017-11-30 15:33:40,2017-11-30,15
1006395,1068888,3177877,cart,1512258666,2017-12-02 23:51:06,2017-12-02,23
104865,4072743,1859277,pv,1511798653,2017-11-27 16:04:13,2017-11-27,16
1007550,3226795,4756105,pv,1512268575,2017-12-03 02:36:15,2017-12-03,2
120398,5044786,1343413,pv,1512308309,2017-12-03 13:38:29,2017-12-03,13
105145,1435023,2693696,pv,1511641681,2017-11-25 20:28:01,2017-11-25,20
1014547,4273868,2096639,pv,1511991860,2017-11-29 21:44:20,2017-11-29,21
1001867,5153447,3068858,pv,1512307312,2017-12-03 13:21:52,2017-12-03,13
119332,1501104,4980533,pv,1511933757,2017-11-29 05:35:57,2017-11-29,5
12576,3578896,2355072,pv,1511794619,2017-11-27 14:56:59,2017-11-27,14
1000490,2277740,570735,pv,1511955616,2017-11-29 11:40:16,2017-11-29,11
1015548,849928,4141018,pv,1511775355,2017-11-27 09:35:55,2017-11-27,9
1017023,2779095,2457421,pv,1511768590,2017-11-27 07:43:10,2017-11-27,7
110303,3026665,1320293,pv,1512199955,2017-12-02 07:32:35,2017-12-02,7
122981,1049213,1080785,pv,1512100536,2017-12-01 03:55:36,2017-12-01,3
107565,2510835,285583,pv,1511747173,2017-11-27 01:46:13,2017-11-27,1
1010017,1282510,2520377,pv,1512207604,2017-12-02 09:40:04,2017-12-02,9
101514,1067774,634390,pv,1511687407,2017-11-26 09:10:07,2017-11-26,9
113834,3339265,1464116,pv,1511847643,2017-11-28 05:40:43,2017-11-28,5
12788,4436152,3607361,pv,1512281770,2017-12-03 06:16:10,2017-12-03,6
112087,2171236,285583,pv,1511776424,2017-11-27 09:53:44,2017-11-27,9
108856,3014659,903809,pv,1512184054,2017-12-02 03:07:34,2017-12-02,3
111952,3047721,1320530,pv,1512299246,2017-12-03 11:07:26,2017-12-03,11
1015988,3372727,4181361,pv,1511978218,2017-11-29 17:56:58,2017-11-29,17
117606,749445,149192,pv,1512189536,2017-12-02 04:38:56,2017-12-02,4
1008078,4058297,4244487,pv,1512178608,2017-12-02 01:36:48,2017-12-02,1
118177,2181226,374584,pv,1512038709,2017-11-30 10:45:09,2017-11-30,10
1002909,2909642,4589142,pv,1512144144,2017-12-01 16:02:24,2017-12-01,16
128465,4124902,2031969,pv,1512130636,2017-12-01 12:17:16,2017-12-01,12
12110,3525641,4719814,pv,1512186335,2017-12-02 03:45:35,2017-12-02,3
104865,2509099,4357323,pv,1511710322,2017-11-26 15:32:02,2017-11-26,15
112360,4005743,1299190,pv,1511759525,2017-11-27 05:12:05,2017-11-27,5
113823,3546459,2862512,pv,1511663310,2017-11-26 02:28:30,2017-11-26,2
1008295,868024,941949,pv,1512057992,2017-11-30 16:06:32,2017-11-30,16
1004132,2206395,3299155,pv,1512107535,2017-12-01 05:52:15,2017-12-01,5
110620,2090799,2832009,pv,1511964671,2017-11-29 14:11:11,2017-11-29,14
1005701,1762418,2355072,pv,1512172557,2017-12-01 23:55:57,2017-12-01,23
115555,2846942,1516409,pv,1511777118,2017-11-27 10:05:18,2017-11-27,10
105899,3816443,235534,pv,1511974864,2017-11-29 17:01:04,2017-11-29,17
1002696,4259712,154040,pv,1511701786,2017-11-26 13:09:46,2017-11-26,13
110878,263054,3607361,pv,1511967756,2017-11-29 15:02:36,2017-11-29,15
116868,2907078,2492895,pv,1511941863,2017-11-29 07:51:03,2017-11-29,7
1003291,3511945,2478177,pv,1511957210,2017-11-29 12:06:50,2017-11-29,12
113441,2011446,2640118,pv,1511925667,2017-11-29 03:21:07,2017-11-29,3
103011,238629,3747017,pv,1511970547,2017-11-29 15:49:07,2017-11-29,15
1006992,3181153,2014414,pv,1512048830,2017-11-30 13:33:50,2017-11-30,13
100141,3710655,3607361,pv,1512217961,2017-12-02 12:32:41,2017-12-02,12
113644,271696,411153,pv,1511783056,2017-11-27 11:44:16,2017-11-27,11
108398,1237487,2301954,pv,1512116115,2017-12-01 08:15:15,2017-12-01,8
100,2772937,3114694,pv,1512192261,2017-12-02 05:24:21,2017-12-02,5
1003598,389543,703487,pv,1511675688,2017-11-26 05:54:48,2017-11-26,5
1010558,2431569,3844144,pv,1511607485,2017-11-25 10:58:05,2017-11-25,10
1006121,971160,2885642,pv,1511845268,2017-11-28 05:01:08,2017-11-28,5
111226,4427491,245312,cart,1511590795,2017-11-25 06:19:55,2017-11-25,6
10111,2007976,2558244,pv,1511707484,2017-11-26 14:44:44,2017-11-26,14
125217,3153655,1320293,pv,1511572959,2017-11-25 01:22:39,2017-11-25,1
121322,2597857,4756105,pv,1512017905,2017-11-30 04:58:25,2017-11-30,4
1015578,2224698,3299155,pv,1511843972,2017-11-28 04:39:32,2017-11-28,4
127743,3367153,1464116,pv,1512100540,2017-12-01 03:55:40,2017-12-01,3
109147,901612,2939262,pv,1512154036,2017-12-01 18:47:16,2017-12-01,18
1007294,3063190,1216617,cart,1511974996,2017-11-29 17:03:16,2017-11-29,17
1006003,5159149,2794490,pv,1512191978,2017-12-02 05:19:38,2017-12-02,5
109118,3852735,4801426,pv,1511705782,2017-11-26 14:16:22,2017-11-26,14
1010690,236331,1416713,pv,1511794573,2017-11-27 14:56:13,2017-11-27,14
114752,4057675,3999977,pv,1512125072,2017-12-01 10:44:32,2017-12-01,10
1011248,1451369,1879194,pv,1512309738,2017-12-03 14:02:18,2017-12-03,14
1008994,3839059,4801426,pv,1512023442,2017-11-30 06:30:42,2017-11-30,6
104498,4423402,3607361,pv,1511739435,2017-11-26 23:37:15,2017-11-26,23
124660,3806880,3607361,fav,1511964548,2017-11-29 14:09:08,2017-11-29,14
123036,315788,2191219,pv,1511771318,2017-11-27 08:28:38,2017-11-27,8
125348,4615833,3829421,pv,1511768791,2017-11-27 07:46:31,2017-11-27,7
100322,1803208,3298361,pv,1511658719,2017-11-26 01:11:59,2017-11-26,1
114912,1764692,2355072,pv,1511878223,2017-11-28 14:10:23,2017-11-28,14
1017567,3846543,4357323,pv,1511707082,2017-11-26 14:38:02,2017-11-26,14
1008502,3639574,2242620,pv,1511705793,2017-11-26 14:16:33,2017-11-26,14
1017368,3744850,3579754,pv,1511950720,2017-11-29 10:18:40,2017-11-29,10
108758,3851324,1265358,cart,1512173381,2017-12-02 00:09:41,2017-12-02,0
1016020,4543280,2355072,pv,1512303071,2017-12-03 12:11:11,2017-12-03,12
118305,3295515,2735466,pv,1511627576,2017-11-25 16:32:56,2017-11-25,16
1004953,869696,4181361,pv,1511927867,2017-11-29 03:57:47,2017-11-29,3
108233,3929542,1074254,pv,1512139572,2017-12-01 14:46:12,2017-12-01,14
127474,2357475,2033408,fav,1512008461,2017-11-30 02:21:01,2017-11-30,2
1009153,2658326,1567637,pv,1511705455,2017-11-26 14:10:55,2017-11-26,14
105027,3222811,1320293,buy,1511683948,2017-11-26 08:12:28,2017-11-26,8
120444,2444517,2735466,pv,1512302105,2017-12-03 11:55:05,2017-12-03,11
12035,4839457,2735466,buy,1511583490,2017-11-25 04:18:10,2017-11-25,4
108596,3699105,1299190,pv,1511864327,2017-11-28 10:18:47,2017-11-28,10
101413,3028268,2735466,pv,1512303632,2017-12-03 12:20:32,2017-12-03,12
124848,4081720,5053508,pv,1512304149,2017-12-03 12:29:09,2017-12-03,12
1006964,4552792,4163659,pv,1512203327,2017-12-02 08:28:47,2017-12-02,8
1009673,17603,3002561,pv,1511845892,2017-11-28 05:11:32,2017-11-28,5
1016016,30494,3607361,pv,1511953246,2017-11-29 11:00:46,2017-11-29,11
105360,3696618,4756105,pv,1512182259,2017-12-02 02:37:39,2017-12-02,2
105145,2236861,2096639,pv,1511793600,2017-11-27 14:40:00,2017-11-27,14
109276,2171424,2465336,fav,1512174374,2017-12-02 00:26:14,2017-12-02,0
123252,3985437,2671397,buy,1511611082,2017-11-25 11:58:02,2017-11-25,11
110375,1818002,1207887,pv,1511607997,2017-11-25 11:06:37,2017-11-25,11
128434,1711587,2465336,pv,1512228452,2017-12-02 15:27:32,2017-12-02,15
113570,3500517,3224824,buy,1512017527,2017-11-30 04:52:07,2017-11-30,4
121496,2724342,1249761,pv,1512138962,2017-12-01 14:36:02,2017-12-01,14
116241,1793088,3607361,pv,1512033525,2017-11-30 09:18:45,2017-11-30,9
1005626,2118179,4606718,pv,1511855825,2017-11-28 07:57:05,2017-11-28,7
100313,4962521,2479420,pv,1512202858,2017-12-02 08:20:58,2017-12-02,8
112710,1379941,2197032,pv,1512203903,2017-12-02 08:38:23,2017-12-02,8
1017355,3706989,4962280,buy,1512284062,2017-12-03 06:54:22,2017-12-03,6
109968,2900522,3367924,pv,1511862342,2017-11-28 09:45:42,2017-11-28,9
1016342,3965251,3738615,pv,1512169990,2017-12-01 23:13:10,2017-12-01,23
1012284,5096011,1080785,pv,1511878125,2017-11-28 14:08:45,2017-11-28,14
1012793,3878000,1107469,pv,1512224702,2017-12-02 14:25:02,2017-12-02,14
102270,329113,191432,pv,1511678184,2017-11-26 06:36:24,2017-11-26,6
119305,4452623,1575622,pv,1512140583,2017-12-01 15:03:03,2017-12-01,15
1003292,3447006,4145813,pv,1511879980,2017-11-28 14:39:40,2017-11-28,14
115109,1506778,64179,pv,1511948905,2017-11-29 09:48:25,2017-11-29,9
101777,3174951,4801426,pv,1512102791,2017-12-01 04:33:11,2017-12-01,4
101517,3367566,4756105,pv,1511662306,2017-11-26 02:11:46,2017-11-26,2
107345,4014190,1320293,pv,1511714896,2017-11-26 16:48:16,2017-11-26,16
105413,2195532,1449177,fav,1512216213,2017-12-02 12:03:33,2017-12-02,12
123094,1026737,1646753,pv,1511709221,2017-11-26 15:13:41,2017-11-26,15
103966,1873978,1879194,pv,1512293730,2017-12-03 09:35:30,2017-12-03,9
115032,1036410,1080785,pv,1511948606,2017-11-29 09:43:26,2017-11-29,9
1017036,2397283,410749,pv,1512187593,2017-12-02 04:06:33,2017-12-02,4
12068,4611686,4022701,pv,1512128520,2017-12-01 11:42:00,2017-12-01,11
101575,1067996,4756105,pv,1512130214,2017-12-01 12:10:14,2017-12-01,12
112555,4980727,4217906,pv,1511604703,2017-11-25 10:11:43,2017-11-25,10
11283,4433690,994002,pv,1511849050,2017-11-28 06:04:10,2017-11-28,6
123488,905553,2926020,pv,1511683682,2017-11-26 08:08:02,2017-11-26,8
1012469,30832,1539964,pv,1511715539,2017-11-26 16:58:59,2017-11-26,16
124015,1587093,1312642,pv,1512223743,2017-12-02 14:09:03,2017-12-02,14
119316,3727281,4145813,cart,1511571871,2017-11-25 01:04:31,2017-11-25,1
1015250,3741648,1392527,pv,1512076908,2017-11-30 21:21:48,2017-11-30,21
1017585,80018,1956773,pv,1511910845,2017-11-28 23:14:05,2017-11-28,23
123565,1751984,245312,pv,1511918829,2017-11-29 01:27:09,2017-11-29,1
1013291,117319,3607361,pv,1511589879,2017-11-25 06:04:39,2017-11-25,6
117935,2311456,3544253,pv,1512103414,2017-12-01 04:43:34,2017-12-01,4
1015075,4375421,119741,pv,1512284317,2017-12-03 06:58:37,2017-12-03,6
122616,1645970,2885642,pv,1511822889,2017-11-27 22:48:09,2017-11-27,22
1105,1516237,2124307,pv,1511707886,2017-11-26 14:51:26,2017-11-26,14
112456,2333173,2926020,pv,1511865978,2017-11-28 10:46:18,2017-11-28,10
1002564,1687696,702060,pv,1512049179,2017-11-30 13:39:39,2017-11-30,13
1011361,2968906,3087458,pv,1511943024,2017-11-29 08:10:24,2017-11-29,8
109244,5145342,3031312,pv,1511651083,2017-11-25 23:04:43,2017-11-25,23
109830,4537208,2885642,fav,1512105379,2017-12-01 05:16:19,2017-12-01,5
1016682,2174346,4756105,pv,1511789379,2017-11-27 13:29:39,2017-11-27,13
118840,2862080,4756105,pv,1512275215,2017-12-03 04:26:55,2017-12-03,4
1010869,3204647,2858794,pv,1511948047,2017-11-29 09:34:07,2017-11-29,9
125453,3707911,2520377,pv,1511994913,2017-11-29 22:35:13,2017-11-29,22
106303,968783,2629787,pv,1512181826,2017-12-02 02:30:26,2017-12-02,2
102433,2307727,2558244,pv,1511959899,2017-11-29 12:51:39,2017-11-29,12
12389,4970474,274067,pv,1511786986,2017-11-27 12:49:46,2017-11-27,12
1002674,1563166,3351726,pv,1511868526,2017-11-28 11:28:46,2017-11-28,11
1007323,3934909,1610764,pv,1512102210,2017-12-01 04:23:30,2017-12-01,4
123329,116456,3102419,pv,1512311694,2017-12-03 14:34:54,2017-12-03,14
1002637,1429263,1349561,fav,1512218905,2017-12-02 12:48:25,2017-12-02,12
1016454,2591163,2355072,pv,1511779912,2017-11-27 10:51:52,2017-11-27,10
1013501,4149601,1207887,pv,1512098767,2017-12-01 03:26:07,2017-12-01,3
101013,1100240,4901188,pv,1512293489,2017-12-03 09:31:29,2017-12-03,9
105050,2668001,1879194,pv,1511575095,2017-11-25 01:58:15,2017-11-25,1
1016293,4974128,4082778,pv,1511873208,2017-11-28 12:46:48,2017-11-28,12
1015007,1371564,154040,pv,1511633839,2017-11-25 18:17:19,2017-11-25,18
1008711,4887188,672001,pv,1512303531,2017-12-03 12:18:51,2017-12-03,12
117410,1647407,672001,pv,1512113080,2017-12-01 07:24:40,2017-12-01,7
112443,4077406,155172,pv,1512307262,2017-12-03 13:21:02,2017-12-03,13
1009439,1492125,2520377,pv,1511959959,2017-11-29 12:52:39,2017-11-29,12
100531,3335943,3738615,pv,1511656110,2017-11-26 00:28:30,2017-11-26,0
1017627,3073294,1464116,fav,1511685688,2017-11-26 08:41:28,2017-11-26,8
1001482,4014017,411153,pv,1511957812,2017-11-29 12:16:52,2017-11-29,12
106147,4859013,4181361,buy,1511853179,2017-11-28 07:12:59,2017-11-28,7
1012003,705557,3158249,pv,1512284252,2017-12-03 06:57:32,2017-12-03,6
11815,1362406,4794845,pv,1511999964,2017-11-29 23:59:24,2017-11-29,23
110020,24418,4145813,pv,1512223659,2017-12-02 14:07:39,2017-12-02,14
125401,1625506,3002561,pv,1512229584,2017-12-02 15:46:24,2017-12-02,15
1014332,3054351,4082778,pv,1511618368,2017-11-25 13:59:28,2017-11-25,13
1015228,3074711,3975787,fav,1511968263,2017-11-29 15:11:03,2017-11-29,15
101568,239310,3607361,pv,1511626200,2017-11-25 16:10:00,2017-11-25,16
1012467,3340391,2296439,pv,1511624189,2017-11-25 15:36:29,2017-11-25,15
127069,1505813,2640118,fav,1512206805,2017-12-02 09:26:45,2017-12-02,9
118027,3773417,2815065,pv,1512265466,2017-12-03 01:44:26,2017-12-03,1
111616,1286782,5053508,pv,1511767026,2017-11-27 07:17:06,2017-11-27,7
1005945,5083240,982926,pv,1512300650,2017-12-03 11:30:50,2017-12-03,11
104166,2706789,102272,pv,1511998801,2017-11-29 23:40:01,2017-11-29,23
109196,3976218,3607361,pv,1511789863,2017-11-27 13:37:43,2017-11-27,13
12295,1644477,1859277,pv,1511887154,2017-11-28 16:39:14,2017-11-28,16
127726,982343,4282670,pv,1511756102,2017-11-27 04:15:02,2017-11-27,4
107990,3227485,3002561,pv,1512105073,2017-12-01 05:11:13,2017-12-01,5
104449,639423,1575622,pv,1511970167,2017-11-29 15:42:47,2017-11-29,15
1001521,4813834,2885642,cart,1511920613,2017-11-29 01:56:53,2017-11-29,1
124507,3345037,1464116,pv,1512108102,2017-12-01 06:01:42,2017-12-01,6
125187,1302172,3002561,pv,1511609163,2017-11-25 11:26:03,2017-11-25,11
1017759,4044217,2290623,pv,1512051320,2017-11-30 14:15:20,2017-11-30,14
1003283,1803377,3102419,pv,1512306983,2017-12-03 13:16:23,2017-12-03,13
1003711,5128095,3607361,pv,1512036064,2017-11-30 10:01:04,2017-11-30,10
1004366,298324,2355072,pv,1512047712,2017-11-30 13:15:12,2017-11-30,13
119418,480630,2355072,pv,1511580628,2017-11-25 03:30:28,2017-11-25,3
105758,3655797,4181361,pv,1512284133,2017-12-03 06:55:33,2017-12-03,6
1016774,4360333,3336289,pv,1511861975,2017-11-28 09:39:35,2017-11-28,9
109111,402163,4145813,pv,1511723098,2017-11-26 19:04:58,2017-11-26,19
123217,2486906,2520771,pv,1511750979,2017-11-27 02:49:39,2017-11-27,2
108274,326957,1544586,pv,1512269463,2017-12-03 02:51:03,2017-12-03,2
113890,4169703,2304296,pv,1511824146,2017-11-27 23:09:06,2017-11-27,23
1005499,4474371,149192,pv,1512258128,2017-12-02 23:42:08,2017-12-02,23
1014281,4469694,4801426,pv,1511794339,2017-11-27 14:52:19,2017-11-27,14
103790,3748426,154040,pv,1512190266,2017-12-02 04:51:06,2017-12-02,4
113873,3903765,2465336,pv,1511974281,2017-11-29 16:51:21,2017-11-29,16
128377,845002,1646753,cart,1512115611,2017-12-01 08:06:51,2017-12-01,8
112775,2935709,4217906,cart,1511620458,2017-11-25 14:34:18,2017-11-25,14
111041,353835,4756105,pv,1512203282,2017-12-02 08:28:02,2017-12-02,8
101150,464300,4145813,pv,1512044568,2017-11-30 12:22:48,2017-11-30,12
1002526,3200672,3674154,cart,1511763748,2017-11-27 06:22:28,2017-11-27,6
104019,2015191,64179,pv,1511791644,2017-11-27 14:07:24,2017-11-27,14
11964,1254543,2355072,pv,1512221071,2017-12-02 13:24:31,2017-12-02,13
1016990,2157157,4217906,pv,1512203397,2017-12-02 08:29:57,2017-12-02,8
1003200,2847664,903809,pv,1511786563,2017-11-27 12:42:43,2017-11-27,12
110072,4938625,344833,pv,1511597338,2017-11-25 08:08:58,2017-11-25,8
1016304,2306858,1418582,buy,1511597258,2017-11-25 08:07:38,2017-11-25,8
107848,3895531,753984,pv,1511573169,2017-11-25 01:26:09,2017-11-25,1
108596,2046552,1879194,pv,1512029613,2017-11-30 08:13:33,2017-11-30,8
11839,1681010,4357323,pv,1511884706,2017-11-28 15:58:26,2017-11-28,15
118976,3731506,3975787,buy,1512127929,2017-12-01 11:32:09,2017-12-01,11
103475,4754592,4217906,pv,1511773679,2017-11-27 09:07:59,2017-11-27,9
1013089,1131455,411153,pv,1511933653,2017-11-29 05:34:13,2017-11-29,5
117631,4898829,4170419,pv,1511754056,2017-11-27 03:40:56,2017-11-27,3
11504,2284378,4672807,pv,1511744316,2017-11-27 00:58:36,2017-11-27,0
106525,1377014,2640118,pv,1512290171,2017-12-03 08:36:11,2017-12-03,8
107181,2958714,4470576,pv,1512146850,2017-12-01 16:47:30,2017-12-01,16
1189,921347,3285641,pv,1511935394,2017-11-29 06:03:14,2017-11-29,6
1011277,129471,3607361,pv,1512232103,2017-12-02 16:28:23,2017-12-02,16
10404,1173209,570735,pv,1512307274,2017-12-03 13:21:14,2017-12-03,13
121941,4401849,1051370,pv,1511761768,2017-11-27 05:49:28,2017-11-27,5
1004196,1637878,570735,pv,1511794098,2017-11-27 14:48:18,2017-11-27,14
1017313,592724,883960,pv,1512119445,2017-12-01 09:10:45,2017-12-01,9
113943,3087657,466806,pv,1512172375,2017-12-01 23:52:55,2017-12-01,23
128212,2135036,4527720,pv,1511618513,2017-11-25 14:01:53,2017-11-25,14
115812,300770,1320293,pv,1511953048,2017-11-29 10:57:28,2017-11-29,10
11531,4837189,3303026,pv,1512117002,2017-12-01 08:30:02,2017-12-01,8
112244,484337,3607361,pv,1512311534,2017-12-03 14:32:14,2017-12-03,14
1013305,345040,2355072,fav,1512055088,2017-11-30 15:18:08,2017-11-30,15
12063,3836093,4145813,pv,1512051611,2017-11-30 14:20:11,2017-11-30,14
115892,4065537,3607361,pv,1512126550,2017-12-01 11:09:10,2017-12-01,11
100865,3409973,903809,pv,1512276381,2017-12-03 04:46:21,2017-12-03,4
101473,1059132,1567637,pv,1512201053,2017-12-02 07:50:53,2017-12-02,7
108772,4752175,1879194,pv,1512264724,2017-12-03 01:32:04,2017-12-03,1
101230,2551254,4284875,pv,1511773504,2017-11-27 09:05:04,2017-11-27,9
101797,127812,4756105,pv,1511657290,2017-11-26 00:48:10,2017-11-26,0
103532,4120311,4672807,pv,1512293272,2017-12-03 09:27:52,2017-12-03,9
12389,2637155,4449178,pv,1511778420,2017-11-27 10:27:00,2017-11-27,10
1011886,921259,542908,pv,1511862092,2017-11-28 09:41:32,2017-11-28,9
105059,1940279,4145813,pv,1512039198,2017-11-30 10:53:18,2017-11-30,10
112558,79093,542908,pv,1512198599,2017-12-02 07:09:59,2017-12-02,7
1004799,3851516,2465336,pv,1511922965,2017-11-29 02:36:05,2017-11-29,2
106593,4899068,1464116,pv,1511747251,2017-11-27 01:47:31,2017-11-27,1
1011254,2927758,149192,pv,1512312556,2017-12-03 14:49:16,2017-12-03,14
125149,1809562,3620161,pv,1511600622,2017-11-25 09:03:42,2017-11-25,9
1002449,3474963,1008362,pv,1512206165,2017-12-02 09:16:05,2017-12-02,9
